,Sex_F,Sex_I,Sex_M
0,0,0,1
1,0,0,1
2,1,0,0
3,0,0,1
4,0,1,0
5,0,1,0
6,1,0,0
7,1,0,0
8,0,0,1
9,1,0,0
10,1,0,0
11,0,0,1
12,0,0,1
13,1,0,0
14,1,0,0
15,0,0,1
16,0,1,0
17,1,0,0
18,0,0,1
19,0,0,1
20,0,0,1
21,0,1,0
22,1,0,0
23,1,0,0
24,1,0,0
25,1,0,0
26,1,0,0
27,0,0,1
28,0,0,1
29,0,0,1
30,0,0,1
31,1,0,0
32,0,0,1
33,1,0,0
34,1,0,0
35,0,0,1
36,1,0,0
37,1,0,0
38,1,0,0
39,0,0,1
40,1,0,0
41,1,0,0
42,0,1,0
43,0,1,0
44,0,1,0
45,0,1,0
46,0,0,1
47,1,0,0
48,0,1,0
49,1,0,0
50,0,1,0
51,0,0,1
52,0,0,1
53,1,0,0
54,0,0,1
55,1,0,0
56,0,0,1
57,0,0,1
58,0,1,0
59,1,0,0
60,0,0,1
61,0,0,1
62,1,0,0
63,0,0,1
64,0,0,1
65,0,0,1
66,1,0,0
67,1,0,0
68,1,0,0
69,0,1,0
70,0,0,1
71,1,0,0
72,1,0,0
73,0,0,1
74,1,0,0
75,1,0,0
76,0,0,1
77,1,0,0
78,1,0,0
79,1,0,0
80,1,0,0
81,0,0,1
82,1,0,0
83,0,0,1
84,0,0,1
85,1,0,0
86,0,0,1
87,0,0,1
88,1,0,0
89,1,0,0
90,0,0,1
91,0,0,1
92,0,0,1
93,1,0,0
94,0,0,1
95,0,0,1
96,0,0,1
97,0,0,1
98,0,0,1
99,1,0,0
100,0,1,0
101,0,0,1
102,0,0,1
103,0,0,1
104,0,0,1
105,1,0,0
106,1,0,0
107,1,0,0
108,1,0,0
109,1,0,0
110,0,0,1
111,0,0,1
112,0,1,0
113,0,0,1
114,1,0,0
115,1,0,0
116,1,0,0
117,0,0,1
118,1,0,0
119,0,0,1
120,1,0,0
121,0,1,0
122,1,0,0
123,0,0,1
124,0,1,0
125,0,1,0
126,0,1,0
127,0,1,0
128,0,0,1
129,0,0,1
130,0,0,1
131,1,0,0
132,1,0,0
133,0,1,0
134,0,1,0
135,1,0,0
136,1,0,0
137,0,0,1
138,1,0,0
139,0,0,1
140,1,0,0
141,1,0,0
142,0,0,1
143,0,0,1
144,0,0,1
145,1,0,0
146,0,0,1
147,0,1,0
148,0,1,0
149,0,1,0
150,0,0,1
151,1,0,0
152,1,0,0
153,1,0,0
154,1,0,0
155,0,0,1
156,1,0,0
157,0,0,1
158,1,0,0
159,1,0,0
160,0,0,1
161,1,0,0
162,0,0,1
163,1,0,0
164,1,0,0
165,0,0,1
166,1,0,0
167,1,0,0
168,0,0,1
169,1,0,0
170,0,0,1
171,1,0,0
172,0,0,1
173,1,0,0
174,0,1,0
175,0,1,0
176,0,1,0
177,0,1,0
178,0,1,0
179,0,0,1
180,0,0,1
181,0,0,1
182,1,0,0
183,1,0,0
184,1,0,0
185,0,0,1
186,1,0,0
187,1,0,0
188,1,0,0
189,1,0,0
190,0,0,1
191,0,0,1
192,0,0,1
193,0,1,0
194,1,0,0
195,0,0,1
196,1,0,0
197,0,0,1
198,0,0,1
199,0,0,1
200,1,0,0
201,0,0,1
202,1,0,0
203,1,0,0
204,0,0,1
205,1,0,0
206,0,1,0
207,0,1,0
208,1,0,0
209,0,1,0
210,1,0,0
211,0,0,1
212,1,0,0
213,0,0,1
214,1,0,0
215,0,0,1
216,0,0,1
217,0,1,0
218,0,0,1
219,1,0,0
220,1,0,0
221,1,0,0
222,1,0,0
223,1,0,0
224,0,1,0
225,1,0,0
226,1,0,0
227,0,1,0
228,1,0,0
229,1,0,0
230,0,0,1
231,0,0,1
232,0,0,1
233,0,1,0
234,0,1,0
235,0,1,0
236,0,1,0
237,0,1,0
238,0,1,0
239,0,1,0
240,0,0,1
241,0,1,0
242,0,1,0
243,0,1,0
244,0,1,0
245,0,1,0
246,0,1,0
247,0,1,0
248,0,1,0
249,0,1,0
250,0,1,0
251,0,0,1
252,1,0,0
253,1,0,0
254,0,0,1
255,0,0,1
256,0,0,1
257,0,0,1
258,1,0,0
259,1,0,0
260,1,0,0
261,1,0,0
262,0,0,1
263,0,1,0
264,0,0,1
265,1,0,0
266,0,0,1
267,0,0,1
268,0,0,1
269,1,0,0
270,1,0,0
271,0,0,1
272,0,0,1
273,0,0,1
274,0,0,1
275,0,0,1
276,1,0,0
277,0,0,1
278,0,0,1
279,1,0,0
280,1,0,0
281,0,1,0
282,1,0,0
283,0,0,1
284,0,0,1
285,1,0,0
286,0,0,1
287,1,0,0
288,0,0,1
289,1,0,0
290,0,0,1
291,1,0,0
292,0,0,1
293,1,0,0
294,0,0,1
295,0,1,0
296,0,1,0
297,0,1,0
298,0,0,1
299,0,0,1
300,1,0,0
301,1,0,0
302,0,0,1
303,0,0,1
304,1,0,0
305,0,1,0
306,0,1,0
307,0,0,1
308,0,0,1
309,0,0,1
310,1,0,0
311,0,0,1
312,0,0,1
313,1,0,0
314,0,0,1
315,0,1,0
316,1,0,0
317,0,0,1
318,1,0,0
319,0,1,0
320,0,1,0
321,0,1,0
322,0,0,1
323,0,1,0
324,0,0,1
325,0,1,0
326,0,1,0
327,0,0,1
328,0,0,1
329,0,1,0
330,0,0,1
331,1,0,0
332,0,1,0
333,0,1,0
334,1,0,0
335,0,0,1
336,0,0,1
337,0,0,1
338,0,0,1
339,1,0,0
340,0,0,1
341,1,0,0
342,0,0,1
343,1,0,0
344,1,0,0
345,0,0,1
346,1,0,0
347,0,1,0
348,0,1,0
349,0,0,1
350,1,0,0
351,1,0,0
352,0,0,1
353,0,0,1
354,0,0,1
355,0,0,1
356,0,0,1
357,1,0,0
358,0,0,1
359,1,0,0
360,0,0,1
361,1,0,0
362,1,0,0
363,1,0,0
364,1,0,0
365,0,0,1
366,0,0,1
367,1,0,0
368,0,0,1
369,1,0,0
370,1,0,0
371,1,0,0
372,1,0,0
373,1,0,0
374,0,0,1
375,1,0,0
376,0,0,1
377,1,0,0
378,0,0,1
379,1,0,0
380,0,0,1
381,0,0,1
382,0,0,1
383,0,0,1
384,0,0,1
385,1,0,0
386,0,0,1
387,0,0,1
388,0,0,1
389,0,1,0
390,0,1,0
391,0,0,1
392,1,0,0
393,0,1,0
394,0,1,0
395,0,1,0
396,1,0,0
397,0,0,1
398,0,0,1
399,0,0,1
400,1,0,0
401,0,0,1
402,1,0,0
403,1,0,0
404,0,1,0
405,1,0,0
406,0,0,1
407,0,0,1
408,0,0,1
409,0,0,1
410,0,0,1
411,0,0,1
412,1,0,0
413,0,0,1
414,1,0,0
415,1,0,0
416,1,0,0
417,0,0,1
418,1,0,0
419,0,0,1
420,1,0,0
421,0,1,0
422,1,0,0
423,0,1,0
424,0,1,0
425,0,0,1
426,1,0,0
427,0,0,1
428,1,0,0
429,1,0,0
430,1,0,0
431,0,0,1
432,0,0,1
433,0,0,1
434,0,1,0
435,0,0,1
436,0,1,0
437,0,1,0
438,0,0,1
439,0,0,1
440,0,1,0
441,0,1,0
442,1,0,0
443,0,1,0
444,1,0,0
445,1,0,0
446,0,0,1
447,0,0,1
448,0,0,1
449,1,0,0
450,0,0,1
451,1,0,0
452,1,0,0
453,1,0,0
454,1,0,0
455,0,0,1
456,1,0,0
457,0,1,0
458,0,1,0
459,1,0,0
460,0,0,1
461,1,0,0
462,0,1,0
463,0,1,0
464,0,1,0
465,0,1,0
466,1,0,0
467,0,0,1
468,1,0,0
469,0,0,1
470,1,0,0
471,1,0,0
472,0,1,0
473,1,0,0
474,1,0,0
475,0,0,1
476,1,0,0
477,0,0,1
478,0,0,1
479,0,0,1
480,1,0,0
481,0,0,1
482,0,0,1
483,1,0,0
484,0,0,1
485,1,0,0
486,0,0,1
487,1,0,0
488,0,0,1
489,1,0,0
490,0,0,1
491,0,0,1
492,1,0,0
493,0,0,1
494,0,0,1
495,1,0,0
496,1,0,0
497,1,0,0
498,1,0,0
499,0,0,1
500,1,0,0
501,1,0,0
502,1,0,0
503,1,0,0
504,1,0,0
505,0,0,1
506,0,0,1
507,0,0,1
508,0,0,1
509,0,1,0
510,0,1,0
511,1,0,0
512,1,0,0
513,0,0,1
514,1,0,0
515,0,0,1
516,0,0,1
517,0,0,1
518,0,0,1
519,1,0,0
520,0,0,1
521,1,0,0
522,0,1,0
523,0,0,1
524,0,0,1
525,0,0,1
526,0,0,1
527,1,0,0
528,1,0,0
529,0,0,1
530,0,1,0
531,1,0,0
532,0,1,0
533,1,0,0
534,0,1,0
535,0,1,0
536,0,1,0
537,0,0,1
538,0,0,1
539,1,0,0
540,1,0,0
541,1,0,0
542,0,0,1
543,0,0,1
544,1,0,0
545,0,0,1
546,0,0,1
547,0,0,1
548,1,0,0
549,0,1,0
550,0,1,0
551,0,1,0
552,0,1,0
553,0,1,0
554,0,1,0
555,0,1,0
556,0,1,0
557,1,0,0
558,1,0,0
559,0,1,0
560,1,0,0
561,0,1,0
562,1,0,0
563,1,0,0
564,1,0,0
565,0,0,1
566,0,1,0
567,0,1,0
568,0,0,1
569,1,0,0
570,0,1,0
571,0,1,0
572,1,0,0
573,1,0,0
574,0,1,0
575,1,0,0
576,0,1,0
577,1,0,0
578,0,1,0
579,1,0,0
580,1,0,0
581,0,1,0
582,1,0,0
583,0,1,0
584,1,0,0
585,0,1,0
586,0,1,0
587,1,0,0
588,0,0,1
589,1,0,0
590,0,1,0
591,1,0,0
592,0,1,0
593,1,0,0
594,0,0,1
595,0,1,0
596,1,0,0
597,0,1,0
598,0,1,0
599,1,0,0
600,0,1,0
601,1,0,0
602,1,0,0
603,0,1,0
604,0,1,0
605,0,1,0
606,0,0,1
607,0,1,0
608,0,0,1
609,0,0,1
610,1,0,0
611,0,0,1
612,0,0,1
613,0,1,0
614,0,1,0
615,0,0,1
616,1,0,0
617,0,0,1
618,0,0,1
619,0,0,1
620,0,0,1
621,0,1,0
622,1,0,0
623,1,0,0
624,0,1,0
625,1,0,0
626,1,0,0
627,1,0,0
628,0,1,0
629,0,0,1
630,0,1,0
631,1,0,0
632,0,0,1
633,0,1,0
634,0,0,1
635,0,0,1
636,0,0,1
637,0,0,1
638,0,1,0
639,1,0,0
640,0,0,1
641,0,1,0
642,1,0,0
643,0,0,1
644,0,0,1
645,0,1,0
646,0,0,1
647,0,0,1
648,0,1,0
649,1,0,0
650,0,0,1
651,0,1,0
652,0,1,0
653,0,0,1
654,1,0,0
655,0,0,1
656,1,0,0
657,1,0,0
658,0,1,0
659,1,0,0
660,0,1,0
661,0,1,0
662,1,0,0
663,1,0,0
664,0,1,0
665,1,0,0
666,0,0,1
667,1,0,0
668,0,0,1
669,1,0,0
670,0,0,1
671,1,0,0
672,1,0,0
673,0,0,1
674,1,0,0
675,1,0,0
676,0,0,1
677,1,0,0
678,1,0,0
679,1,0,0
680,0,1,0
681,0,0,1
682,1,0,0
683,0,0,1
684,0,0,1
685,0,0,1
686,1,0,0
687,1,0,0
688,0,0,1
689,0,0,1
690,0,0,1
691,0,1,0
692,1,0,0
693,0,0,1
694,0,1,0
695,0,1,0
696,0,1,0
697,0,0,1
698,1,0,0
699,1,0,0
700,0,0,1
701,1,0,0
702,1,0,0
703,0,0,1
704,0,0,1
705,0,0,1
706,0,0,1
707,1,0,0
708,0,0,1
709,0,1,0
710,0,1,0
711,0,0,1
712,0,1,0
713,0,0,1
714,0,0,1
715,0,1,0
716,0,1,0
717,0,1,0
718,0,1,0
719,0,1,0
720,0,1,0
721,0,0,1
722,0,0,1
723,0,0,1
724,0,0,1
725,1,0,0
726,0,0,1
727,1,0,0
728,0,0,1
729,1,0,0
730,0,0,1
731,0,0,1
732,0,0,1
733,0,0,1
734,0,0,1
735,0,0,1
736,0,0,1
737,1,0,0
738,0,0,1
739,0,0,1
740,0,0,1
741,1,0,0
742,1,0,0
743,1,0,0
744,0,0,1
745,1,0,0
746,1,0,0
747,0,0,1
748,0,0,1
749,0,0,1
750,1,0,0
751,0,0,1
752,1,0,0
753,1,0,0
754,0,0,1
755,0,0,1
756,0,0,1
757,1,0,0
758,0,0,1
759,0,0,1
760,0,0,1
761,1,0,0
762,1,0,0
763,0,0,1
764,1,0,0
765,0,0,1
766,1,0,0
767,0,0,1
768,1,0,0
769,1,0,0
770,1,0,0
771,0,1,0
772,0,0,1
773,0,0,1
774,0,0,1
775,0,0,1
776,0,0,1
777,0,0,1
778,0,0,1
779,1,0,0
780,0,0,1
781,0,0,1
782,0,0,1
783,0,1,0
784,0,1,0
785,0,0,1
786,1,0,0
787,0,0,1
788,1,0,0
789,1,0,0
790,1,0,0
791,1,0,0
792,0,0,1
793,0,0,1
794,0,0,1
795,0,0,1
796,0,0,1
797,0,0,1
798,0,0,1
799,1,0,0
800,0,0,1
801,0,0,1
802,0,0,1
803,0,1,0
804,0,0,1
805,0,0,1
806,0,1,0
807,1,0,0
808,1,0,0
809,1,0,0
810,0,0,1
811,1,0,0
812,0,1,0
813,0,1,0
814,0,1,0
815,0,1,0
816,0,1,0
817,0,1,0
818,0,1,0
819,0,1,0
820,0,1,0
821,0,1,0
822,0,1,0
823,0,1,0
824,0,1,0
825,0,1,0
826,0,1,0
827,0,1,0
828,0,1,0
829,0,1,0
830,0,0,1
831,0,1,0
832,0,1,0
833,0,1,0
834,0,1,0
835,0,1,0
836,0,0,1
837,0,1,0
838,1,0,0
839,0,1,0
840,0,0,1
841,1,0,0
842,0,0,1
843,0,0,1
844,0,0,1
845,0,0,1
846,1,0,0
847,1,0,0
848,1,0,0
849,0,0,1
850,1,0,0
851,0,0,1
852,0,0,1
853,0,0,1
854,0,0,1
855,1,0,0
856,0,0,1
857,0,0,1
858,1,0,0
859,1,0,0
860,1,0,0
861,1,0,0
862,0,0,1
863,1,0,0
864,0,0,1
865,1,0,0
866,0,0,1
867,1,0,0
868,1,0,0
869,0,0,1
870,0,0,1
871,1,0,0
872,0,0,1
873,1,0,0
874,1,0,0
875,0,0,1
876,0,0,1
877,1,0,0
878,1,0,0
879,1,0,0
880,0,0,1
881,0,0,1
882,0,0,1
883,0,0,1
884,0,0,1
885,1,0,0
886,1,0,0
887,1,0,0
888,1,0,0
889,1,0,0
890,1,0,0
891,0,0,1
892,0,1,0
893,0,1,0
894,0,1,0
895,0,1,0
896,0,1,0
897,0,1,0
898,0,1,0
899,0,1,0
900,0,1,0
901,0,1,0
902,0,1,0
903,0,1,0
904,0,1,0
905,0,1,0
906,0,1,0
907,0,1,0
908,0,1,0
909,0,1,0
910,0,1,0
911,0,1,0
912,0,1,0
913,0,1,0
914,0,1,0
915,0,1,0
916,0,1,0
917,0,1,0
918,0,1,0
919,0,1,0
920,0,1,0
921,0,1,0
922,0,1,0
923,0,1,0
924,0,1,0
925,0,1,0
926,0,1,0
927,0,1,0
928,0,1,0
929,0,1,0
930,0,1,0
931,1,0,0
932,0,1,0
933,0,1,0
934,0,1,0
935,0,1,0
936,0,1,0
937,0,1,0
938,0,1,0
939,0,1,0
940,0,1,0
941,0,1,0
942,0,1,0
943,0,1,0
944,1,0,0
945,0,0,1
946,1,0,0
947,0,0,1
948,1,0,0
949,0,0,1
950,0,0,1
951,0,0,1
952,0,0,1
953,1,0,0
954,0,0,1
955,0,0,1
956,0,0,1
957,0,0,1
958,0,1,0
959,0,0,1
960,0,0,1
961,1,0,0
962,0,1,0
963,0,0,1
964,0,1,0
965,0,0,1
966,0,1,0
967,0,1,0
968,0,0,1
969,0,0,1
970,1,0,0
971,0,0,1
972,1,0,0
973,0,0,1
974,1,0,0
975,1,0,0
976,0,0,1
977,1,0,0
978,0,0,1
979,0,0,1
980,1,0,0
981,1,0,0
982,1,0,0
983,1,0,0
984,0,0,1
985,0,0,1
986,1,0,0
987,0,0,1
988,0,0,1
989,0,0,1
990,1,0,0
991,1,0,0
992,1,0,0
993,0,0,1
994,1,0,0
995,0,0,1
996,0,0,1
997,0,0,1
998,1,0,0
999,1,0,0
1000,1,0,0
1001,0,0,1
1002,1,0,0
1003,0,0,1
1004,1,0,0
1005,0,0,1
1006,0,0,1
1007,0,0,1
1008,0,0,1
1009,1,0,0
1010,1,0,0
1011,1,0,0
1012,0,0,1
1013,1,0,0
1014,1,0,0
1015,1,0,0
1016,0,0,1
1017,1,0,0
1018,0,0,1
1019,0,0,1
1020,0,0,1
1021,0,0,1
1022,1,0,0
1023,1,0,0
1024,1,0,0
1025,0,0,1
1026,0,0,1
1027,1,0,0
1028,0,0,1
1029,1,0,0
1030,1,0,0
1031,0,0,1
1032,0,0,1
1033,0,0,1
1034,1,0,0
1035,1,0,0
1036,1,0,0
1037,0,0,1
1038,0,0,1
1039,1,0,0
1040,0,0,1
1041,1,0,0
1042,1,0,0
1043,0,0,1
1044,0,0,1
1045,0,0,1
1046,1,0,0
1047,1,0,0
1048,0,0,1
1049,0,0,1
1050,1,0,0
1051,1,0,0
1052,0,0,1
1053,0,1,0
1054,0,1,0
1055,0,1,0
1056,0,1,0
1057,0,1,0
1058,0,1,0
1059,0,1,0
1060,0,1,0
1061,0,1,0
1062,0,1,0
1063,0,1,0
1064,0,1,0
1065,0,1,0
1066,0,1,0
1067,0,1,0
1068,0,1,0
1069,0,1,0
1070,0,1,0
1071,0,1,0
1072,0,1,0
1073,0,1,0
1074,0,1,0
1075,0,1,0
1076,0,1,0
1077,0,1,0
1078,0,1,0
1079,0,1,0
1080,0,0,1
1081,0,1,0
1082,0,1,0
1083,0,1,0
1084,0,1,0
1085,0,1,0
1086,0,1,0
1087,0,1,0
1088,0,1,0
1089,0,1,0
1090,0,1,0
1091,0,1,0
1092,0,1,0
1093,0,0,1
1094,0,1,0
1095,0,1,0
1096,0,1,0
1097,0,1,0
1098,0,0,1
1099,0,1,0
1100,0,1,0
1101,0,1,0
1102,0,0,1
1103,1,0,0
1104,0,1,0
1105,1,0,0
1106,0,1,0
1107,0,1,0
1108,0,1,0
1109,0,0,1
1110,0,1,0
1111,0,1,0
1112,1,0,0
1113,0,1,0
1114,0,1,0
1115,0,0,1
1116,0,1,0
1117,0,1,0
1118,0,1,0
1119,0,1,0
1120,0,0,1
1121,0,0,1
1122,0,0,1
1123,1,0,0
1124,1,0,0
1125,0,0,1
1126,0,0,1
1127,0,0,1
1128,1,0,0
1129,0,0,1
1130,0,0,1
1131,0,0,1
1132,1,0,0
1133,0,0,1
1134,1,0,0
1135,0,1,0
1136,1,0,0
1137,1,0,0
1138,0,0,1
1139,1,0,0
1140,0,0,1
1141,0,1,0
1142,0,0,1
1143,0,0,1
1144,0,0,1
1145,0,0,1
1146,0,0,1
1147,0,0,1
1148,0,0,1
1149,1,0,0
1150,0,0,1
1151,0,0,1
1152,0,0,1
1153,1,0,0
1154,0,0,1
1155,1,0,0
1156,0,0,1
1157,1,0,0
1158,0,0,1
1159,0,0,1
1160,1,0,0
1161,0,0,1
1162,0,0,1
1163,0,0,1
1164,0,0,1
1165,1,0,0
1166,1,0,0
1167,0,0,1
1168,0,0,1
1169,1,0,0
1170,1,0,0
1171,0,0,1
1172,0,0,1
1173,0,0,1
1174,1,0,0
1175,0,0,1
1176,0,0,1
1177,1,0,0
1178,1,0,0
1179,0,0,1
1180,0,0,1
1181,1,0,0
1182,1,0,0
1183,0,0,1
1184,0,1,0
1185,1,0,0
1186,1,0,0
1187,0,0,1
1188,1,0,0
1189,0,0,1
1190,1,0,0
1191,0,0,1
1192,0,0,1
1193,0,0,1
1194,1,0,0
1195,1,0,0
1196,1,0,0
1197,0,0,1
1198,0,0,1
1199,1,0,0
1200,1,0,0
1201,0,0,1
1202,0,0,1
1203,1,0,0
1204,0,0,1
1205,0,0,1
1206,1,0,0
1207,1,0,0
1208,0,0,1
1209,1,0,0
1210,0,1,0
1211,0,1,0
1212,0,1,0
1213,0,1,0
1214,0,1,0
1215,0,1,0
1216,0,1,0
1217,0,1,0
1218,0,1,0
1219,0,1,0
1220,0,1,0
1221,0,1,0
1222,0,1,0
1223,0,1,0
1224,0,1,0
1225,0,1,0
1226,0,1,0
1227,0,1,0
1228,0,1,0
1229,0,1,0
1230,0,1,0
1231,0,1,0
1232,0,1,0
1233,0,1,0
1234,0,1,0
1235,0,1,0
1236,0,1,0
1237,0,1,0
1238,0,1,0
1239,0,1,0
1240,0,1,0
1241,0,1,0
1242,0,1,0
1243,0,1,0
1244,0,1,0
1245,0,1,0
1246,0,1,0
1247,0,1,0
1248,0,1,0
1249,0,1,0
1250,0,1,0
1251,0,1,0
1252,0,1,0
1253,0,1,0
1254,0,1,0
1255,0,1,0
1256,0,1,0
1257,0,1,0
1258,0,1,0
1259,0,1,0
1260,0,1,0
1261,0,1,0
1262,0,1,0
1263,1,0,0
1264,0,1,0
1265,0,1,0
1266,0,1,0
1267,1,0,0
1268,0,1,0
1269,0,1,0
1270,0,1,0
1271,0,1,0
1272,0,1,0
1273,0,1,0
1274,0,1,0
1275,0,1,0
1276,0,1,0
1277,0,1,0
1278,0,1,0
1279,0,1,0
1280,0,0,1
1281,0,1,0
1282,0,0,1
1283,0,1,0
1284,0,1,0
1285,0,1,0
1286,0,1,0
1287,0,1,0
1288,0,1,0
1289,0,1,0
1290,0,1,0
1291,0,1,0
1292,0,1,0
1293,0,1,0
1294,0,1,0
1295,0,1,0
1296,0,0,1
1297,0,1,0
1298,0,1,0
1299,0,1,0
1300,0,1,0
1301,0,1,0
1302,0,1,0
1303,1,0,0
1304,0,0,1
1305,1,0,0
1306,0,1,0
1307,0,1,0
1308,1,0,0
1309,0,1,0
1310,0,1,0
1311,0,1,0
1312,1,0,0
1313,0,0,1
1314,0,1,0
1315,0,1,0
1316,0,0,1
1317,0,1,0
1318,0,1,0
1319,0,1,0
1320,0,1,0
1321,0,1,0
1322,1,0,0
1323,0,1,0
1324,0,1,0
1325,1,0,0
1326,0,0,1
1327,0,0,1
1328,0,1,0
1329,0,1,0
1330,1,0,0
1331,0,0,1
1332,0,1,0
1333,0,0,1
1334,1,0,0
1335,1,0,0
1336,0,0,1
1337,0,0,1
1338,0,0,1
1339,1,0,0
1340,0,0,1
1341,0,0,1
1342,0,1,0
1343,0,0,1
1344,0,0,1
1345,0,0,1
1346,0,0,1
1347,0,1,0
1348,0,0,1
1349,0,0,1
1350,1,0,0
1351,1,0,0
1352,0,0,1
1353,0,0,1
1354,0,1,0
1355,1,0,0
1356,1,0,0
1357,0,0,1
1358,0,1,0
1359,0,0,1
1360,0,1,0
1361,1,0,0
1362,1,0,0
1363,0,0,1
1364,0,0,1
1365,0,0,1
1366,0,1,0
1367,0,0,1
1368,0,0,1
1369,1,0,0
1370,0,0,1
1371,0,0,1
1372,1,0,0
1373,0,0,1
1374,0,0,1
1375,1,0,0
1376,0,0,1
1377,0,0,1
1378,1,0,0
1379,1,0,0
1380,0,0,1
1381,1,0,0
1382,1,0,0
1383,1,0,0
1384,1,0,0
1385,0,1,0
1386,0,0,1
1387,0,1,0
1388,0,0,1
1389,0,0,1
1390,1,0,0
1391,1,0,0
1392,0,0,1
1393,0,0,1
1394,0,0,1
1395,0,0,1
1396,0,0,1
1397,0,0,1
1398,0,0,1
1399,1,0,0
1400,1,0,0
1401,0,0,1
1402,0,0,1
1403,1,0,0
1404,1,0,0
1405,0,0,1
1406,1,0,0
1407,0,0,1
1408,1,0,0
1409,1,0,0
1410,1,0,0
1411,1,0,0
1412,1,0,0
1413,0,0,1
1414,0,0,1
1415,1,0,0
1416,1,0,0
1417,0,0,1
1418,0,0,1
1419,1,0,0
1420,1,0,0
1421,1,0,0
1422,0,0,1
1423,1,0,0
1424,1,0,0
1425,1,0,0
1426,1,0,0
1427,1,0,0
1428,1,0,0
1429,0,1,0
1430,0,1,0
1431,0,1,0
1432,0,1,0
1433,0,1,0
1434,0,1,0
1435,0,1,0
1436,0,1,0
1437,0,1,0
1438,0,1,0
1439,0,1,0
1440,0,1,0
1441,0,1,0
1442,0,1,0
1443,0,0,1
1444,0,1,0
1445,0,1,0
1446,0,1,0
1447,0,0,1
1448,0,1,0
1449,0,0,1
1450,0,1,0
1451,0,1,0
1452,0,1,0
1453,0,1,0
1454,0,1,0
1455,0,0,1
1456,0,1,0
1457,1,0,0
1458,0,1,0
1459,0,1,0
1460,0,0,1
1461,0,0,1
1462,1,0,0
1463,0,0,1
1464,1,0,0
1465,0,1,0
1466,0,0,1
1467,0,1,0
1468,0,0,1
1469,0,0,1
1470,0,1,0
1471,0,0,1
1472,1,0,0
1473,1,0,0
1474,0,0,1
1475,1,0,0
1476,1,0,0
1477,0,0,1
1478,0,0,1
1479,0,0,1
1480,1,0,0
1481,1,0,0
1482,0,0,1
1483,0,0,1
1484,1,0,0
1485,1,0,0
1486,1,0,0
1487,0,0,1
1488,0,0,1
1489,1,0,0
1490,1,0,0
1491,1,0,0
1492,1,0,0
1493,0,1,0
1494,0,0,1
1495,1,0,0
1496,0,0,1
1497,0,0,1
1498,0,0,1
1499,0,0,1
1500,1,0,0
1501,0,0,1
1502,0,0,1
1503,1,0,0
1504,1,0,0
1505,0,0,1
1506,1,0,0
1507,1,0,0
1508,0,0,1
1509,1,0,0
1510,1,0,0
1511,0,0,1
1512,1,0,0
1513,0,0,1
1514,1,0,0
1515,0,0,1
1516,0,0,1
1517,1,0,0
1518,0,0,1
1519,0,0,1
1520,0,0,1
1521,1,0,0
1522,0,0,1
1523,0,0,1
1524,1,0,0
1525,0,0,1
1526,0,0,1
1527,0,0,1
1528,0,0,1
1529,0,0,1
1530,0,0,1
1531,0,1,0
1532,0,1,0
1533,0,1,0
1534,0,1,0
1535,0,1,0
1536,0,1,0
1537,0,1,0
1538,0,1,0
1539,0,1,0
1540,0,1,0
1541,0,1,0
1542,0,1,0
1543,0,1,0
1544,0,1,0
1545,0,1,0
1546,0,1,0
1547,0,1,0
1548,0,1,0
1549,0,1,0
1550,0,1,0
1551,0,1,0
1552,0,1,0
1553,0,1,0
1554,0,1,0
1555,0,1,0
1556,0,1,0
1557,0,1,0
1558,0,1,0
1559,0,1,0
1560,0,1,0
1561,0,1,0
1562,0,1,0
1563,0,1,0
1564,0,1,0
1565,0,1,0
1566,0,1,0
1567,0,1,0
1568,0,1,0
1569,0,1,0
1570,0,0,1
1571,0,1,0
1572,0,1,0
1573,0,1,0
1574,0,0,1
1575,0,1,0
1576,0,1,0
1577,0,1,0
1578,0,1,0
1579,0,1,0
1580,0,1,0
1581,0,1,0
1582,0,1,0
1583,0,1,0
1584,1,0,0
1585,0,1,0
1586,0,1,0
1587,0,1,0
1588,0,1,0
1589,0,1,0
1590,0,1,0
1591,0,0,1
1592,0,1,0
1593,0,1,0
1594,0,1,0
1595,0,0,1
1596,0,1,0
1597,0,1,0
1598,0,1,0
1599,0,1,0
1600,0,1,0
1601,0,1,0
1602,0,1,0
1603,0,1,0
1604,0,0,1
1605,0,1,0
1606,0,1,0
1607,0,1,0
1608,0,1,0
1609,0,1,0
1610,0,1,0
1611,0,0,1
1612,0,1,0
1613,0,1,0
1614,0,1,0
1615,0,1,0
1616,0,1,0
1617,0,1,0
1618,0,1,0
1619,0,1,0
1620,0,1,0
1621,0,0,1
1622,0,1,0
1623,1,0,0
1624,0,0,1
1625,0,0,1
1626,1,0,0
1627,0,0,1
1628,0,1,0
1629,0,1,0
1630,0,1,0
1631,0,1,0
1632,0,0,1
1633,0,1,0
1634,1,0,0
1635,0,1,0
1636,0,0,1
1637,1,0,0
1638,0,1,0
1639,0,1,0
1640,1,0,0
1641,0,0,1
1642,0,0,1
1643,1,0,0
1644,0,0,1
1645,0,0,1
1646,0,1,0
1647,1,0,0
1648,0,0,1
1649,0,1,0
1650,0,1,0
1651,1,0,0
1652,0,0,1
1653,0,0,1
1654,0,1,0
1655,1,0,0
1656,1,0,0
1657,0,0,1
1658,0,1,0
1659,1,0,0
1660,0,0,1
1661,0,0,1
1662,1,0,0
1663,0,0,1
1664,0,1,0
1665,1,0,0
1666,1,0,0
1667,1,0,0
1668,0,0,1
1669,1,0,0
1670,1,0,0
1671,0,0,1
1672,1,0,0
1673,0,1,0
1674,0,0,1
1675,1,0,0
1676,0,0,1
1677,0,0,1
1678,0,1,0
1679,1,0,0
1680,0,0,1
1681,1,0,0
1682,0,1,0
1683,1,0,0
1684,0,1,0
1685,0,1,0
1686,0,0,1
1687,1,0,0
1688,0,0,1
1689,0,0,1
1690,0,0,1
1691,0,1,0
1692,1,0,0
1693,0,1,0
1694,0,0,1
1695,1,0,0
1696,0,0,1
1697,0,0,1
1698,0,0,1
1699,0,1,0
1700,0,0,1
1701,1,0,0
1702,1,0,0
1703,1,0,0
1704,0,0,1
1705,0,0,1
1706,0,0,1
1707,0,0,1
1708,0,0,1
1709,0,0,1
1710,0,0,1
1711,0,0,1
1712,1,0,0
1713,0,0,1
1714,1,0,0
1715,0,0,1
1716,1,0,0
1717,1,0,0
1718,0,0,1
1719,0,0,1
1720,0,0,1
1721,0,0,1
1722,1,0,0
1723,1,0,0
1724,1,0,0
1725,0,0,1
1726,1,0,0
1727,0,0,1
1728,0,0,1
1729,0,0,1
1730,0,0,1
1731,1,0,0
1732,0,0,1
1733,0,0,1
1734,0,0,1
1735,0,0,1
1736,1,0,0
1737,1,0,0
1738,1,0,0
1739,0,0,1
1740,1,0,0
1741,0,0,1
1742,1,0,0
1743,0,0,1
1744,1,0,0
1745,1,0,0
1746,0,0,1
1747,1,0,0
1748,1,0,0
1749,0,0,1
1750,1,0,0
1751,1,0,0
1752,0,0,1
1753,0,0,1
1754,0,0,1
1755,1,0,0
1756,1,0,0
1757,1,0,0
1758,0,0,1
1759,1,0,0
1760,1,0,0
1761,0,0,1
1762,0,0,1
1763,0,0,1
1764,0,1,0
1765,0,1,0
1766,1,0,0
1767,0,0,1
1768,0,1,0
1769,0,0,1
1770,0,1,0
1771,0,1,0
1772,0,1,0
1773,0,1,0
1774,0,0,1
1775,0,1,0
1776,0,0,1
1777,0,1,0
1778,1,0,0
1779,0,0,1
1780,0,0,1
1781,0,0,1
1782,0,0,1
1783,0,0,1
1784,0,0,1
1785,1,0,0
1786,0,1,0
1787,0,1,0
1788,1,0,0
1789,1,0,0
1790,1,0,0
1791,0,0,1
1792,0,0,1
1793,0,0,1
1794,0,1,0
1795,1,0,0
1796,0,0,1
1797,0,1,0
1798,0,0,1
1799,0,0,1
1800,0,0,1
1801,0,0,1
1802,1,0,0
1803,1,0,0
1804,0,0,1
1805,0,0,1
1806,0,0,1
1807,0,0,1
1808,1,0,0
1809,1,0,0
1810,0,0,1
1811,0,0,1
1812,0,0,1
1813,1,0,0
1814,0,0,1
1815,1,0,0
1816,1,0,0
1817,1,0,0
1818,1,0,0
1819,0,0,1
1820,1,0,0
1821,1,0,0
1822,0,0,1
1823,0,0,1
1824,0,1,0
1825,0,1,0
1826,0,1,0
1827,0,1,0
1828,0,1,0
1829,0,1,0
1830,0,1,0
1831,0,1,0
1832,0,1,0
1833,0,1,0
1834,0,1,0
1835,0,1,0
1836,0,1,0
1837,0,1,0
1838,0,1,0
1839,0,1,0
1840,0,1,0
1841,0,1,0
1842,0,1,0
1843,0,1,0
1844,0,1,0
1845,0,1,0
1846,0,1,0
1847,0,1,0
1848,0,1,0
1849,0,1,0
1850,0,1,0
1851,0,1,0
1852,0,1,0
1853,0,1,0
1854,0,1,0
1855,0,1,0
1856,0,1,0
1857,0,1,0
1858,1,0,0
1859,0,1,0
1860,0,1,0
1861,0,0,1
1862,0,1,0
1863,0,1,0
1864,0,1,0
1865,0,1,0
1866,0,1,0
1867,0,1,0
1868,0,1,0
1869,0,1,0
1870,0,1,0
1871,0,1,0
1872,0,1,0
1873,0,1,0
1874,0,1,0
1875,1,0,0
1876,0,1,0
1877,0,1,0
1878,0,1,0
1879,0,1,0
1880,0,1,0
1881,0,1,0
1882,0,0,1
1883,0,0,1
1884,0,0,1
1885,0,1,0
1886,0,0,1
1887,0,1,0
1888,1,0,0
1889,0,0,1
1890,0,0,1
1891,0,1,0
1892,0,0,1
1893,0,1,0
1894,0,0,1
1895,0,0,1
1896,0,0,1
1897,0,0,1
1898,1,0,0
1899,0,0,1
1900,0,0,1
1901,0,0,1
1902,0,0,1
1903,0,0,1
1904,1,0,0
1905,0,1,0
1906,0,1,0
1907,1,0,0
1908,0,0,1
1909,1,0,0
1910,1,0,0
1911,0,0,1
1912,0,1,0
1913,0,0,1
1914,0,0,1
1915,1,0,0
1916,0,0,1
1917,0,0,1
1918,1,0,0
1919,0,1,0
1920,1,0,0
1921,0,0,1
1922,0,0,1
1923,1,0,0
1924,1,0,0
1925,1,0,0
1926,0,0,1
1927,0,0,1
1928,1,0,0
1929,0,0,1
1930,0,0,1
1931,0,0,1
1932,1,0,0
1933,0,0,1
1934,0,0,1
1935,0,0,1
1936,0,0,1
1937,0,0,1
1938,0,0,1
1939,1,0,0
1940,1,0,0
1941,1,0,0
1942,0,0,1
1943,1,0,0
1944,1,0,0
1945,1,0,0
1946,0,0,1
1947,0,0,1
1948,0,0,1
1949,0,0,1
1950,1,0,0
1951,1,0,0
1952,0,1,0
1953,0,0,1
1954,1,0,0
1955,1,0,0
1956,0,0,1
1957,1,0,0
1958,0,1,0
1959,1,0,0
1960,1,0,0
1961,1,0,0
1962,1,0,0
1963,0,0,1
1964,1,0,0
1965,0,0,1
1966,1,0,0
1967,0,0,1
1968,0,0,1
1969,1,0,0
1970,0,0,1
1971,1,0,0
1972,0,0,1
1973,0,0,1
1974,0,0,1
1975,0,0,1
1976,0,0,1
1977,1,0,0
1978,0,0,1
1979,0,0,1
1980,1,0,0
1981,1,0,0
1982,0,0,1
1983,1,0,0
1984,1,0,0
1985,0,0,1
1986,0,1,0
1987,0,1,0
1988,0,1,0
1989,0,1,0
1990,0,1,0
1991,0,1,0
1992,0,1,0
1993,0,1,0
1994,0,1,0
1995,0,1,0
1996,0,1,0
1997,0,1,0
1998,0,1,0
1999,0,1,0
2000,0,1,0
2001,0,1,0
2002,0,1,0
2003,0,1,0
2004,0,1,0
2005,0,1,0
2006,0,1,0
2007,0,1,0
2008,0,1,0
2009,0,1,0
2010,0,1,0
2011,0,0,1
2012,0,1,0
2013,0,0,1
2014,0,1,0
2015,0,1,0
2016,0,0,1
2017,0,0,1
2018,0,0,1
2019,0,1,0
2020,0,0,1
2021,0,0,1
2022,1,0,0
2023,1,0,0
2024,0,0,1
2025,1,0,0
2026,1,0,0
2027,0,0,1
2028,1,0,0
2029,0,0,1
2030,0,0,1
2031,1,0,0
2032,0,0,1
2033,0,0,1
2034,1,0,0
2035,0,0,1
2036,0,1,0
2037,0,1,0
2038,0,1,0
2039,0,1,0
2040,0,1,0
2041,0,1,0
2042,0,1,0
2043,0,1,0
2044,1,0,0
2045,0,1,0
2046,0,1,0
2047,0,1,0
2048,0,1,0
2049,0,1,0
2050,0,0,1
2051,1,0,0
2052,0,0,1
2053,0,0,1
2054,0,0,1
2055,0,1,0
2056,1,0,0
2057,0,1,0
2058,0,0,1
2059,0,1,0
2060,0,0,1
2061,1,0,0
2062,0,0,1
2063,0,0,1
2064,0,0,1
2065,1,0,0
2066,1,0,0
2067,1,0,0
2068,1,0,0
2069,0,0,1
2070,0,1,0
2071,1,0,0
2072,0,0,1
2073,1,0,0
2074,1,0,0
2075,0,0,1
2076,1,0,0
2077,1,0,0
2078,0,0,1
2079,1,0,0
2080,0,0,1
2081,0,0,1
2082,1,0,0
2083,0,0,1
2084,1,0,0
2085,1,0,0
2086,1,0,0
2087,0,0,1
2088,1,0,0
2089,1,0,0
2090,0,0,1
2091,1,0,0
2092,0,0,1
2093,1,0,0
2094,0,1,0
2095,0,0,1
2096,0,0,1
2097,0,0,1
2098,0,0,1
2099,1,0,0
2100,0,1,0
2101,0,0,1
2102,0,1,0
2103,0,0,1
2104,1,0,0
2105,0,0,1
2106,0,0,1
2107,1,0,0
2108,0,0,1
2109,0,0,1
2110,0,1,0
2111,0,1,0
2112,0,0,1
2113,0,1,0
2114,0,1,0
2115,0,1,0
2116,0,1,0
2117,1,0,0
2118,1,0,0
2119,0,1,0
2120,0,0,1
2121,0,1,0
2122,1,0,0
2123,1,0,0
2124,0,0,1
2125,0,0,1
2126,1,0,0
2127,0,1,0
2128,0,0,1
2129,0,0,1
2130,0,0,1
2131,0,0,1
2132,1,0,0
2133,0,0,1
2134,1,0,0
2135,0,0,1
2136,1,0,0
2137,1,0,0
2138,1,0,0
2139,0,0,1
2140,1,0,0
2141,0,1,0
2142,0,1,0
2143,0,0,1
2144,0,0,1
2145,1,0,0
2146,0,0,1
2147,0,0,1
2148,0,0,1
2149,0,0,1
2150,0,0,1
2151,1,0,0
2152,1,0,0
2153,0,1,0
2154,0,0,1
2155,0,0,1
2156,0,0,1
2157,0,0,1
2158,0,0,1
2159,1,0,0
2160,0,0,1
2161,1,0,0
2162,1,0,0
2163,1,0,0
2164,0,0,1
2165,1,0,0
2166,0,1,0
2167,1,0,0
2168,0,0,1
2169,0,1,0
2170,0,0,1
2171,0,1,0
2172,0,1,0
2173,0,0,1
2174,1,0,0
2175,0,0,1
2176,1,0,0
2177,1,0,0
2178,1,0,0
2179,1,0,0
2180,1,0,0
2181,0,0,1
2182,0,0,1
2183,0,0,1
2184,0,1,0
2185,0,0,1
2186,1,0,0
2187,0,0,1
2188,0,0,1
2189,1,0,0
2190,0,0,1
2191,0,0,1
2192,1,0,0
2193,0,1,0
2194,0,1,0
2195,0,1,0
2196,0,1,0
2197,0,1,0
2198,0,1,0
2199,1,0,0
2200,1,0,0
2201,1,0,0
2202,0,0,1
2203,0,0,1
2204,0,0,1
2205,0,1,0
2206,1,0,0
2207,0,0,1
2208,1,0,0
2209,1,0,0
2210,0,0,1
2211,0,0,1
2212,1,0,0
2213,0,0,1
2214,1,0,0
2215,1,0,0
2216,0,1,0
2217,1,0,0
2218,0,0,1
2219,1,0,0
2220,1,0,0
2221,0,0,1
2222,1,0,0
2223,1,0,0
2224,1,0,0
2225,0,0,1
2226,0,1,0
2227,0,1,0
2228,1,0,0
2229,0,0,1
2230,0,0,1
2231,1,0,0
2232,1,0,0
2233,0,0,1
2234,1,0,0
2235,0,0,1
2236,1,0,0
2237,0,0,1
2238,0,1,0
2239,1,0,0
2240,0,0,1
2241,1,0,0
2242,1,0,0
2243,0,0,1
2244,0,1,0
2245,0,0,1
2246,1,0,0
2247,1,0,0
2248,0,0,1
2249,1,0,0
2250,0,0,1
2251,0,0,1
2252,1,0,0
2253,1,0,0
2254,0,0,1
2255,0,0,1
2256,0,0,1
2257,0,0,1
2258,0,0,1
2259,1,0,0
2260,0,0,1
2261,0,0,1
2262,1,0,0
2263,1,0,0
2264,0,1,0
2265,1,0,0
2266,1,0,0
2267,1,0,0
2268,1,0,0
2269,0,0,1
2270,1,0,0
2271,1,0,0
2272,0,0,1
2273,1,0,0
2274,0,0,1
2275,0,0,1
2276,1,0,0
2277,1,0,0
2278,0,0,1
2279,0,0,1
2280,0,0,1
2281,0,1,0
2282,1,0,0
2283,0,1,0
2284,0,1,0
2285,0,1,0
2286,1,0,0
2287,1,0,0
2288,0,1,0
2289,1,0,0
2290,0,1,0
2291,0,0,1
2292,1,0,0
2293,0,1,0
2294,0,0,1
2295,1,0,0
2296,1,0,0
2297,0,0,1
2298,0,1,0
2299,0,1,0
2300,1,0,0
2301,1,0,0
2302,0,0,1
2303,1,0,0
2304,0,0,1
2305,1,0,0
2306,1,0,0
2307,1,0,0
2308,0,0,1
2309,0,0,1
2310,1,0,0
2311,0,0,1
2312,0,1,0
2313,0,0,1
2314,1,0,0
2315,0,0,1
2316,0,0,1
2317,0,0,1
2318,1,0,0
2319,1,0,0
2320,0,1,0
2321,0,0,1
2322,0,0,1
2323,0,1,0
2324,1,0,0
2325,1,0,0
2326,0,0,1
2327,0,0,1
2328,1,0,0
2329,0,1,0
2330,0,1,0
2331,0,0,1
2332,1,0,0
2333,0,0,1
2334,1,0,0
2335,0,0,1
2336,1,0,0
2337,0,0,1
2338,0,0,1
2339,0,0,1
2340,1,0,0
2341,0,1,0
2342,0,1,0
2343,0,1,0
2344,0,0,1
2345,1,0,0
2346,1,0,0
2347,0,0,1
2348,0,0,1
2349,1,0,0
2350,1,0,0
2351,0,0,1
2352,0,0,1
2353,1,0,0
2354,0,0,1
2355,0,0,1
2356,0,0,1
2357,0,0,1
2358,1,0,0
2359,1,0,0
2360,1,0,0
2361,0,0,1
2362,1,0,0
2363,0,0,1
2364,1,0,0
2365,1,0,0
2366,0,0,1
2367,0,0,1
2368,1,0,0
2369,0,1,0
2370,0,1,0
2371,0,0,1
2372,1,0,0
2373,1,0,0
2374,0,1,0
2375,0,0,1
2376,1,0,0
2377,0,1,0
2378,0,1,0
2379,1,0,0
2380,0,0,1
2381,0,0,1
2382,0,1,0
2383,1,0,0
2384,1,0,0
2385,1,0,0
2386,1,0,0
2387,0,1,0
2388,0,1,0
2389,0,0,1
2390,1,0,0
2391,0,0,1
2392,0,0,1
2393,0,1,0
2394,0,1,0
2395,0,1,0
2396,0,1,0
2397,0,1,0
2398,0,1,0
2399,1,0,0
2400,0,1,0
2401,1,0,0
2402,0,1,0
2403,0,0,1
2404,0,1,0
2405,0,1,0
2406,1,0,0
2407,0,1,0
2408,0,1,0
2409,1,0,0
2410,1,0,0
2411,0,1,0
2412,0,0,1
2413,1,0,0
2414,0,1,0
2415,0,0,1
2416,0,0,1
2417,0,0,1
2418,1,0,0
2419,1,0,0
2420,0,0,1
2421,0,1,0
2422,1,0,0
2423,1,0,0
2424,0,0,1
2425,0,1,0
2426,0,1,0
2427,0,0,1
2428,1,0,0
2429,0,0,1
2430,0,1,0
2431,1,0,0
2432,1,0,0
2433,1,0,0
2434,0,1,0
2435,1,0,0
2436,0,0,1
2437,0,1,0
2438,1,0,0
2439,1,0,0
2440,0,0,1
2441,0,0,1
2442,0,0,1
2443,1,0,0
2444,0,0,1
2445,0,0,1
2446,1,0,0
2447,0,1,0
2448,1,0,0
2449,1,0,0
2450,1,0,0
2451,0,0,1
2452,0,0,1
2453,0,1,0
2454,0,1,0
2455,0,1,0
2456,0,1,0
2457,0,1,0
2458,0,1,0
2459,1,0,0
2460,0,0,1
2461,1,0,0
2462,0,0,1
2463,0,0,1
2464,1,0,0
2465,0,0,1
2466,0,0,1
2467,0,0,1
2468,1,0,0
2469,0,0,1
2470,0,0,1
2471,0,0,1
2472,0,0,1
2473,1,0,0
2474,0,0,1
2475,1,0,0
2476,0,0,1
2477,0,0,1
2478,1,0,0
2479,1,0,0
2480,1,0,0
2481,0,0,1
2482,0,0,1
2483,1,0,0
2484,0,0,1
2485,0,1,0
2486,1,0,0
2487,1,0,0
2488,0,0,1
2489,0,0,1
2490,0,0,1
2491,1,0,0
2492,1,0,0
2493,0,1,0
2494,0,0,1
2495,0,0,1
2496,1,0,0
2497,0,0,1
2498,0,0,1
2499,0,0,1
2500,1,0,0
2501,1,0,0
2502,0,1,0
2503,0,1,0
2504,0,1,0
2505,0,1,0
2506,0,1,0
2507,0,1,0
2508,0,1,0
2509,0,1,0
2510,0,1,0
2511,0,1,0
2512,0,0,1
2513,1,0,0
2514,0,1,0
2515,1,0,0
2516,0,1,0
2517,0,0,1
2518,0,0,1
2519,0,1,0
2520,0,0,1
2521,0,0,1
2522,0,0,1
2523,1,0,0
2524,0,0,1
2525,0,0,1
2526,0,0,1
2527,0,0,1
2528,1,0,0
2529,1,0,0
2530,1,0,0
2531,0,0,1
2532,1,0,0
2533,0,0,1
2534,0,0,1
2535,1,0,0
2536,1,0,0
2537,0,1,0
2538,0,0,1
2539,1,0,0
2540,1,0,0
2541,1,0,0
2542,1,0,0
2543,1,0,0
2544,1,0,0
2545,0,1,0
2546,0,1,0
2547,0,1,0
2548,0,1,0
2549,0,1,0
2550,0,1,0
2551,0,1,0
2552,0,1,0
2553,0,1,0
2554,0,1,0
2555,0,1,0
2556,0,1,0
2557,0,1,0
2558,0,1,0
2559,0,1,0
2560,0,1,0
2561,0,1,0
2562,0,1,0
2563,0,1,0
2564,0,1,0
2565,0,1,0
2566,1,0,0
2567,1,0,0
2568,0,1,0
2569,0,1,0
2570,0,1,0
2571,0,0,1
2572,0,1,0
2573,0,1,0
2574,0,0,1
2575,0,0,1
2576,0,1,0
2577,0,1,0
2578,0,0,1
2579,0,0,1
2580,0,0,1
2581,1,0,0
2582,0,0,1
2583,1,0,0
2584,0,0,1
2585,1,0,0
2586,1,0,0
2587,1,0,0
2588,1,0,0
2589,0,0,1
2590,1,0,0
2591,1,0,0
2592,0,0,1
2593,1,0,0
2594,1,0,0
2595,1,0,0
2596,1,0,0
2597,1,0,0
2598,0,0,1
2599,0,0,1
2600,1,0,0
2601,1,0,0
2602,0,0,1
2603,1,0,0
2604,1,0,0
2605,1,0,0
2606,0,0,1
2607,1,0,0
2608,1,0,0
2609,1,0,0
2610,1,0,0
2611,0,0,1
2612,1,0,0
2613,1,0,0
2614,0,0,1
2615,0,0,1
2616,1,0,0
2617,0,0,1
2618,1,0,0
2619,0,0,1
2620,1,0,0
2621,0,0,1
2622,1,0,0
2623,1,0,0
2624,0,0,1
2625,0,0,1
2626,0,1,0
2627,0,1,0
2628,0,1,0
2629,0,1,0
2630,0,1,0
2631,0,1,0
2632,0,1,0
2633,0,1,0
2634,0,1,0
2635,0,1,0
2636,0,1,0
2637,0,1,0
2638,0,1,0
2639,0,1,0
2640,0,1,0
2641,0,1,0
2642,0,1,0
2643,0,1,0
2644,0,1,0
2645,0,0,1
2646,0,1,0
2647,0,1,0
2648,0,0,1
2649,0,0,1
2650,0,1,0
2651,0,1,0
2652,0,1,0
2653,0,1,0
2654,1,0,0
2655,0,0,1
2656,0,0,1
2657,1,0,0
2658,0,1,0
2659,1,0,0
2660,0,1,0
2661,0,0,1
2662,1,0,0
2663,0,0,1
2664,1,0,0
2665,1,0,0
2666,0,0,1
2667,1,0,0
2668,1,0,0
2669,0,0,1
2670,0,0,1
2671,1,0,0
2672,1,0,0
2673,0,0,1
2674,0,0,1
2675,0,0,1
2676,1,0,0
2677,1,0,0
2678,0,0,1
2679,1,0,0
2680,0,0,1
2681,0,0,1
2682,0,0,1
2683,0,0,1
2684,1,0,0
2685,0,0,1
2686,0,0,1
2687,0,0,1
2688,0,0,1
2689,0,0,1
2690,0,0,1
2691,1,0,0
2692,0,0,1
2693,0,0,1
2694,1,0,0
2695,0,0,1
2696,1,0,0
2697,0,0,1
2698,1,0,0
2699,0,0,1
2700,0,0,1
2701,1,0,0
2702,0,0,1
2703,0,0,1
2704,0,0,1
2705,0,0,1
2706,1,0,0
2707,0,0,1
2708,0,0,1
2709,1,0,0
2710,0,0,1
2711,0,1,0
2712,0,1,0
2713,0,1,0
2714,0,1,0
2715,0,1,0
2716,0,1,0
2717,0,1,0
2718,0,1,0
2719,0,1,0
2720,0,1,0
2721,0,1,0
2722,0,1,0
2723,0,1,0
2724,0,1,0
2725,0,1,0
2726,0,1,0
2727,0,1,0
2728,0,1,0
2729,0,1,0
2730,0,1,0
2731,0,1,0
2732,0,1,0
2733,0,1,0
2734,0,1,0
2735,0,1,0
2736,0,1,0
2737,0,1,0
2738,0,0,1
2739,0,1,0
2740,0,1,0
2741,0,1,0
2742,0,1,0
2743,0,1,0
2744,0,0,1
2745,0,1,0
2746,0,1,0
2747,0,1,0
2748,0,1,0
2749,0,1,0
2750,0,1,0
2751,1,0,0
2752,0,0,1
2753,0,1,0
2754,0,1,0
2755,1,0,0
2756,0,1,0
2757,0,1,0
2758,0,0,1
2759,1,0,0
2760,0,1,0
2761,0,1,0
2762,0,1,0
2763,0,1,0
2764,0,1,0
2765,0,1,0
2766,1,0,0
2767,0,1,0
2768,0,1,0
2769,0,1,0
2770,1,0,0
2771,1,0,0
2772,0,0,1
2773,1,0,0
2774,1,0,0
2775,0,1,0
2776,0,0,1
2777,0,1,0
2778,1,0,0
2779,0,0,1
2780,0,0,1
2781,0,0,1
2782,0,0,1
2783,0,0,1
2784,0,0,1
2785,0,0,1
2786,0,0,1
2787,1,0,0
2788,1,0,0
2789,1,0,0
2790,1,0,0
2791,0,0,1
2792,0,0,1
2793,0,0,1
2794,1,0,0
2795,0,0,1
2796,0,0,1
2797,0,0,1
2798,0,0,1
2799,0,0,1
2800,1,0,0
2801,0,0,1
2802,0,0,1
2803,0,0,1
2804,1,0,0
2805,1,0,0
2806,1,0,0
2807,0,0,1
2808,1,0,0
2809,0,0,1
2810,0,0,1
2811,0,0,1
2812,0,1,0
2813,0,1,0
2814,0,1,0
2815,0,1,0
2816,0,1,0
2817,0,1,0
2818,0,1,0
2819,0,1,0
2820,0,1,0
2821,0,1,0
2822,0,1,0
2823,0,1,0
2824,0,1,0
2825,0,1,0
2826,0,0,1
2827,0,1,0
2828,0,0,1
2829,0,1,0
2830,1,0,0
2831,0,0,1
2832,1,0,0
2833,1,0,0
2834,1,0,0
2835,0,0,1
2836,0,0,1
2837,1,0,0
2838,0,0,1
2839,1,0,0
2840,0,0,1
2841,0,0,1
2842,0,0,1
2843,0,0,1
2844,0,0,1
2845,1,0,0
2846,0,0,1
2847,0,0,1
2848,1,0,0
2849,0,0,1
2850,0,0,1
2851,1,0,0
2852,1,0,0
2853,1,0,0
2854,1,0,0
2855,1,0,0
2856,1,0,0
2857,0,0,1
2858,0,0,1
2859,1,0,0
2860,1,0,0
2861,1,0,0
2862,0,0,1
2863,0,0,1
2864,0,1,0
2865,0,1,0
2866,0,1,0
2867,0,1,0
2868,0,1,0
2869,0,1,0
2870,0,1,0
2871,0,1,0
2872,0,1,0
2873,0,1,0
2874,0,1,0
2875,0,1,0
2876,0,1,0
2877,0,1,0
2878,1,0,0
2879,0,1,0
2880,0,1,0
2881,0,1,0
2882,0,1,0
2883,0,1,0
2884,0,1,0
2885,0,1,0
2886,0,0,1
2887,0,1,0
2888,0,1,0
2889,0,1,0
2890,0,0,1
2891,0,1,0
2892,0,0,1
2893,1,0,0
2894,0,1,0
2895,0,1,0
2896,0,1,0
2897,0,1,0
2898,0,1,0
2899,0,1,0
2900,1,0,0
2901,0,1,0
2902,0,1,0
2903,1,0,0
2904,0,1,0
2905,0,0,1
2906,0,0,1
2907,0,0,1
2908,1,0,0
2909,1,0,0
2910,0,0,1
2911,1,0,0
2912,0,1,0
2913,0,0,1
2914,0,1,0
2915,0,1,0
2916,0,0,1
2917,0,0,1
2918,0,1,0
2919,1,0,0
2920,0,0,1
2921,1,0,0
2922,0,0,1
2923,1,0,0
2924,0,0,1
2925,0,1,0
2926,0,1,0
2927,1,0,0
2928,0,0,1
2929,0,1,0
2930,1,0,0
2931,1,0,0
2932,0,0,1
2933,1,0,0
2934,1,0,0
2935,0,0,1
2936,0,0,1
2937,0,0,1
2938,1,0,0
2939,1,0,0
2940,0,0,1
2941,1,0,0
2942,0,0,1
2943,1,0,0
2944,0,0,1
2945,1,0,0
2946,0,0,1
2947,0,0,1
2948,1,0,0
2949,0,0,1
2950,0,0,1
2951,0,0,1
2952,1,0,0
2953,1,0,0
2954,0,0,1
2955,0,0,1
2956,1,0,0
2957,1,0,0
2958,1,0,0
2959,1,0,0
2960,1,0,0
2961,1,0,0
2962,0,1,0
2963,1,0,0
2964,0,0,1
2965,0,0,1
2966,0,0,1
2967,0,0,1
2968,1,0,0
2969,0,0,1
2970,0,0,1
2971,0,0,1
2972,0,0,1
2973,0,0,1
2974,0,0,1
2975,0,1,0
2976,0,1,0
2977,0,1,0
2978,0,0,1
2979,0,0,1
2980,0,1,0
2981,1,0,0
2982,1,0,0
2983,1,0,0
2984,1,0,0
2985,0,1,0
2986,0,0,1
2987,0,0,1
2988,0,0,1
2989,0,0,1
2990,1,0,0
2991,0,0,1
2992,0,1,0
2993,1,0,0
2994,0,0,1
2995,0,0,1
2996,1,0,0
2997,1,0,0
2998,1,0,0
2999,1,0,0
3000,0,0,1
3001,0,0,1
3002,0,0,1
3003,1,0,0
3004,1,0,0
3005,0,0,1
3006,0,0,1
3007,0,0,1
3008,1,0,0
3009,0,1,0
3010,0,1,0
3011,0,1,0
3012,0,1,0
3013,0,1,0
3014,0,1,0
3015,0,1,0
3016,0,1,0
3017,0,1,0
3018,0,1,0
3019,0,1,0
3020,0,1,0
3021,0,1,0
3022,0,1,0
3023,0,1,0
3024,0,1,0
3025,0,1,0
3026,0,1,0
3027,0,1,0
3028,0,1,0
3029,0,1,0
3030,0,1,0
3031,0,1,0
3032,0,1,0
3033,0,0,1
3034,0,0,1
3035,0,1,0
3036,0,1,0
3037,0,0,1
3038,0,1,0
3039,0,0,1
3040,1,0,0
3041,0,0,1
3042,0,1,0
3043,0,0,1
3044,0,1,0
3045,1,0,0
3046,0,0,1
3047,0,0,1
3048,0,1,0
3049,0,0,1
3050,0,0,1
3051,0,0,1
3052,1,0,0
3053,1,0,0
3054,0,0,1
3055,1,0,0
3056,0,0,1
3057,0,0,1
3058,0,1,0
3059,1,0,0
3060,0,0,1
3061,0,0,1
3062,1,0,0
3063,1,0,0
3064,0,0,1
3065,1,0,0
3066,1,0,0
3067,0,0,1
3068,0,0,1
3069,0,0,1
3070,1,0,0
3071,1,0,0
3072,1,0,0
3073,0,0,1
3074,0,0,1
3075,1,0,0
3076,1,0,0
3077,0,0,1
3078,1,0,0
3079,1,0,0
3080,0,0,1
3081,1,0,0
3082,1,0,0
3083,0,1,0
3084,0,1,0
3085,0,1,0
3086,0,1,0
3087,0,1,0
3088,0,1,0
3089,0,0,1
3090,0,0,1
3091,0,0,1
3092,0,0,1
3093,1,0,0
3094,0,0,1
3095,0,0,1
3096,1,0,0
3097,0,0,1
3098,1,0,0
3099,0,0,1
3100,0,0,1
3101,0,0,1
3102,0,0,1
3103,0,0,1
3104,0,0,1
3105,0,1,0
3106,0,1,0
3107,0,1,0
3108,0,1,0
3109,0,1,0
3110,0,1,0
3111,0,1,0
3112,0,1,0
3113,0,1,0
3114,0,1,0
3115,0,1,0
3116,0,0,1
3117,1,0,0
3118,0,0,1
3119,1,0,0
3120,1,0,0
3121,1,0,0
3122,0,0,1
3123,0,0,1
3124,1,0,0
3125,0,0,1
3126,0,0,1
3127,1,0,0
3128,1,0,0
3129,1,0,0
3130,0,0,1
3131,0,0,1
3132,1,0,0
3133,1,0,0
3134,0,0,1
3135,0,0,1
3136,0,0,1
3137,0,0,1
3138,0,0,1
3139,0,1,0
3140,0,0,1
3141,0,1,0
3142,0,1,0
3143,0,1,0
3144,1,0,0
3145,0,0,1
3146,0,0,1
3147,1,0,0
3148,1,0,0
3149,1,0,0
3150,1,0,0
3151,1,0,0
3152,1,0,0
3153,0,0,1
3154,0,0,1
3155,0,0,1
3156,0,0,1
3157,1,0,0
3158,0,0,1
3159,1,0,0
3160,0,1,0
3161,1,0,0
3162,0,0,1
3163,1,0,0
3164,1,0,0
3165,1,0,0
3166,1,0,0
3167,0,0,1
3168,0,0,1
3169,0,0,1
3170,1,0,0
3171,0,0,1
3172,1,0,0
3173,0,0,1
3174,0,0,1
3175,0,1,0
3176,1,0,0
3177,1,0,0
3178,0,0,1
3179,0,1,0
3180,1,0,0
3181,0,0,1
3182,0,0,1
3183,0,0,1
3184,1,0,0
3185,1,0,0
3186,1,0,0
3187,1,0,0
3188,0,0,1
3189,0,0,1
3190,0,1,0
3191,0,0,1
3192,1,0,0
3193,0,0,1
3194,1,0,0
3195,1,0,0
3196,0,1,0
3197,0,1,0
3198,0,0,1
3199,1,0,0
3200,1,0,0
3201,1,0,0
3202,1,0,0
3203,1,0,0
3204,1,0,0
3205,0,0,1
3206,0,1,0
3207,0,1,0
3208,0,1,0
3209,0,1,0
3210,0,0,1
3211,1,0,0
3212,1,0,0
3213,1,0,0
3214,1,0,0
3215,1,0,0
3216,0,0,1
3217,0,0,1
3218,1,0,0
3219,0,0,1
3220,0,0,1
3221,0,0,1
3222,0,0,1
3223,0,0,1
3224,0,0,1
3225,0,1,0
3226,1,0,0
3227,1,0,0
3228,0,1,0
3229,1,0,0
3230,0,0,1
3231,0,0,1
3232,0,0,1
3233,1,0,0
3234,1,0,0
3235,0,0,1
3236,0,1,0
3237,0,0,1
3238,0,0,1
3239,1,0,0
3240,0,0,1
3241,0,0,1
3242,0,0,1
3243,1,0,0
3244,1,0,0
3245,1,0,0
3246,0,0,1
3247,1,0,0
3248,0,0,1
3249,0,0,1
3250,1,0,0
3251,0,1,0
3252,0,0,1
3253,0,1,0
3254,1,0,0
3255,0,1,0
3256,1,0,0
3257,0,0,1
3258,0,0,1
3259,0,0,1
3260,1,0,0
3261,1,0,0
3262,1,0,0
3263,0,0,1
3264,1,0,0
3265,0,0,1
3266,1,0,0
3267,1,0,0
3268,0,0,1
3269,1,0,0
3270,1,0,0
3271,0,0,1
3272,0,0,1
3273,1,0,0
3274,1,0,0
3275,0,0,1
3276,0,0,1
3277,1,0,0
3278,0,0,1
3279,1,0,0
3280,0,0,1
3281,0,0,1
3282,1,0,0
3283,1,0,0
3284,0,0,1
3285,1,0,0
3286,1,0,0
3287,0,0,1
3288,1,0,0
3289,0,0,1
3290,1,0,0
3291,0,0,1
3292,1,0,0
3293,0,0,1
3294,1,0,0
3295,0,0,1
3296,1,0,0
3297,0,0,1
3298,1,0,0
3299,0,0,1
3300,1,0,0
3301,1,0,0
3302,1,0,0
3303,1,0,0
3304,1,0,0
3305,0,1,0
3306,0,1,0
3307,1,0,0
3308,0,0,1
3309,0,1,0
3310,1,0,0
3311,1,0,0
3312,1,0,0
3313,0,0,1
3314,0,1,0
3315,0,0,1
3316,0,0,1
3317,0,0,1
3318,0,0,1
3319,1,0,0
3320,1,0,0
3321,0,1,0
3322,1,0,0
3323,1,0,0
3324,0,1,0
3325,0,0,1
3326,0,1,0
3327,0,1,0
3328,0,1,0
3329,1,0,0
3330,1,0,0
3331,1,0,0
3332,0,1,0
3333,0,1,0
3334,0,1,0
3335,1,0,0
3336,1,0,0
3337,0,1,0
3338,1,0,0
3339,1,0,0
3340,0,1,0
3341,1,0,0
3342,0,0,1
3343,1,0,0
3344,0,1,0
3345,1,0,0
3346,0,1,0
3347,0,0,1
3348,0,1,0
3349,0,1,0
3350,0,1,0
3351,1,0,0
3352,1,0,0
3353,0,1,0
3354,1,0,0
3355,0,1,0
3356,0,1,0
3357,0,1,0
3358,0,0,1
3359,0,1,0
3360,1,0,0
3361,0,0,1
3362,0,0,1
3363,0,1,0
3364,0,0,1
3365,0,1,0
3366,0,0,1
3367,0,1,0
3368,0,1,0
3369,0,1,0
3370,0,0,1
3371,0,0,1
3372,0,1,0
3373,0,0,1
3374,1,0,0
3375,1,0,0
3376,0,1,0
3377,0,1,0
3378,0,0,1
3379,0,1,0
3380,0,1,0
3381,0,0,1
3382,0,0,1
3383,0,0,1
3384,1,0,0
3385,1,0,0
3386,0,0,1
3387,0,0,1
3388,0,0,1
3389,0,0,1
3390,0,0,1
3391,0,0,1
3392,0,0,1
3393,0,0,1
3394,0,0,1
3395,1,0,0
3396,0,0,1
3397,1,0,0
3398,0,0,1
3399,1,0,0
3400,0,0,1
3401,0,0,1
3402,0,0,1
3403,0,1,0
3404,0,0,1
3405,0,1,0
3406,0,1,0
3407,0,1,0
3408,0,1,0
3409,0,1,0
3410,0,1,0
3411,0,1,0
3412,0,1,0
3413,0,0,1
3414,1,0,0
3415,1,0,0
3416,0,0,1
3417,0,0,1
3418,1,0,0
3419,0,0,1
3420,1,0,0
3421,0,0,1
3422,0,0,1
3423,1,0,0
3424,0,0,1
3425,1,0,0
3426,0,0,1
3427,0,0,1
3428,0,1,0
3429,0,1,0
3430,0,1,0
3431,0,1,0
3432,0,1,0
3433,0,1,0
3434,0,1,0
3435,0,1,0
3436,0,1,0
3437,0,1,0
3438,0,1,0
3439,0,1,0
3440,0,1,0
3441,1,0,0
3442,0,0,1
3443,0,1,0
3444,1,0,0
3445,0,1,0
3446,0,1,0
3447,1,0,0
3448,0,0,1
3449,0,0,1
3450,1,0,0
3451,0,0,1
3452,1,0,0
3453,1,0,0
3454,1,0,0
3455,0,0,1
3456,1,0,0
3457,1,0,0
3458,1,0,0
3459,0,0,1
3460,0,0,1
3461,1,0,0
3462,1,0,0
3463,0,0,1
3464,0,0,1
3465,1,0,0
3466,0,0,1
3467,0,0,1
3468,1,0,0
3469,1,0,0
3470,0,0,1
3471,1,0,0
3472,0,1,0
3473,0,1,0
3474,0,1,0
3475,0,1,0
3476,0,1,0
3477,0,1,0
3478,0,1,0
3479,0,1,0
3480,0,1,0
3481,0,1,0
3482,0,1,0
3483,0,1,0
3484,0,1,0
3485,0,1,0
3486,1,0,0
3487,0,1,0
3488,0,1,0
3489,1,0,0
3490,0,0,1
3491,0,0,1
3492,0,0,1
3493,0,0,1
3494,1,0,0
3495,0,0,1
3496,0,0,1
3497,1,0,0
3498,0,0,1
3499,1,0,0
3500,0,0,1
3501,0,0,1
3502,0,0,1
3503,1,0,0
3504,1,0,0
3505,0,0,1
3506,0,0,1
3507,1,0,0
3508,1,0,0
3509,1,0,0
3510,0,0,1
3511,0,0,1
3512,1,0,0
3513,1,0,0
3514,0,0,1
3515,1,0,0
3516,1,0,0
3517,1,0,0
3518,0,0,1
3519,0,0,1
3520,1,0,0
3521,0,1,0
3522,0,1,0
3523,0,1,0
3524,0,1,0
3525,0,1,0
3526,0,1,0
3527,0,1,0
3528,0,1,0
3529,0,1,0
3530,0,1,0
3531,0,1,0
3532,0,1,0
3533,0,1,0
3534,0,1,0
3535,0,1,0
3536,0,1,0
3537,0,1,0
3538,0,0,1
3539,0,1,0
3540,0,1,0
3541,0,1,0
3542,0,1,0
3543,0,1,0
3544,0,1,0
3545,0,1,0
3546,0,1,0
3547,0,1,0
3548,1,0,0
3549,0,1,0
3550,0,0,1
3551,0,1,0
3552,0,1,0
3553,0,1,0
3554,0,1,0
3555,0,0,1
3556,0,1,0
3557,0,1,0
3558,0,1,0
3559,1,0,0
3560,0,0,1
3561,0,1,0
3562,1,0,0
3563,0,1,0
3564,0,1,0
3565,1,0,0
3566,0,0,1
3567,0,1,0
3568,0,1,0
3569,0,1,0
3570,0,0,1
3571,1,0,0
3572,1,0,0
3573,1,0,0
3574,1,0,0
3575,0,0,1
3576,1,0,0
3577,0,0,1
3578,1,0,0
3579,1,0,0
3580,1,0,0
3581,0,0,1
3582,1,0,0
3583,1,0,0
3584,0,0,1
3585,0,0,1
3586,0,1,0
3587,0,0,1
3588,0,0,1
3589,0,0,1
3590,1,0,0
3591,1,0,0
3592,0,0,1
3593,1,0,0
3594,1,0,0
3595,0,0,1
3596,0,0,1
3597,0,0,1
3598,0,0,1
3599,0,0,1
3600,0,1,0
3601,0,1,0
3602,0,1,0
3603,0,1,0
3604,0,1,0
3605,0,1,0
3606,1,0,0
3607,0,0,1
3608,0,0,1
3609,1,0,0
3610,0,0,1
3611,1,0,0
3612,0,0,1
3613,1,0,0
3614,0,0,1
3615,0,0,1
3616,0,0,1
3617,0,0,1
3618,0,0,1
3619,1,0,0
3620,1,0,0
3621,1,0,0
3622,0,0,1
3623,0,0,1
3624,1,0,0
3625,1,0,0
3626,0,0,1
3627,0,0,1
3628,1,0,0
3629,0,1,0
3630,0,1,0
3631,0,1,0
3632,0,1,0
3633,0,1,0
3634,0,1,0
3635,0,1,0
3636,0,1,0
3637,0,1,0
3638,0,1,0
3639,0,1,0
3640,0,1,0
3641,0,1,0
3642,0,1,0
3643,0,1,0
3644,0,1,0
3645,0,1,0
3646,0,1,0
3647,0,1,0
3648,0,1,0
3649,0,1,0
3650,0,1,0
3651,0,1,0
3652,1,0,0
3653,0,1,0
3654,0,1,0
3655,0,0,1
3656,0,1,0
3657,0,0,1
3658,0,1,0
3659,0,0,1
3660,1,0,0
3661,0,1,0
3662,0,1,0
3663,0,1,0
3664,0,1,0
3665,0,1,0
3666,0,1,0
3667,1,0,0
3668,1,0,0
3669,0,1,0
3670,0,0,1
3671,0,1,0
3672,1,0,0
3673,1,0,0
3674,1,0,0
3675,0,0,1
3676,1,0,0
3677,0,0,1
3678,1,0,0
3679,0,0,1
3680,1,0,0
3681,0,0,1
3682,0,0,1
3683,0,0,1
3684,0,1,0
3685,0,0,1
3686,1,0,0
3687,0,1,0
3688,0,1,0
3689,1,0,0
3690,0,0,1
3691,0,0,1
3692,0,0,1
3693,0,0,1
3694,0,0,1
3695,1,0,0
3696,0,0,1
3697,0,0,1
3698,1,0,0
3699,0,0,1
3700,1,0,0
3701,0,0,1
3702,1,0,0
3703,1,0,0
3704,0,0,1
3705,1,0,0
3706,1,0,0
3707,0,0,1
3708,1,0,0
3709,0,0,1
3710,0,0,1
3711,0,0,1
3712,1,0,0
3713,0,0,1
3714,1,0,0
3715,0,0,1
3716,0,1,0
3717,0,1,0
3718,0,1,0
3719,0,1,0
3720,1,0,0
3721,0,0,1
3722,0,1,0
3723,0,1,0
3724,1,0,0
3725,0,0,1
3726,0,1,0
3727,0,0,1
3728,0,1,0
3729,0,0,1
3730,0,0,1
3731,1,0,0
3732,1,0,0
3733,0,0,1
3734,0,0,1
3735,0,0,1
3736,0,0,1
3737,0,0,1
3738,1,0,0
3739,1,0,0
3740,1,0,0
3741,1,0,0
3742,1,0,0
3743,1,0,0
3744,0,1,0
3745,0,1,0
3746,0,1,0
3747,0,1,0
3748,0,1,0
3749,0,1,0
3750,0,1,0
3751,0,1,0
3752,0,1,0
3753,0,1,0
3754,0,1,0
3755,0,1,0
3756,0,1,0
3757,0,1,0
3758,0,1,0
3759,0,0,1
3760,0,0,1
3761,0,0,1
3762,0,1,0
3763,0,1,0
3764,0,1,0
3765,0,1,0
3766,1,0,0
3767,0,0,1
3768,0,0,1
3769,1,0,0
3770,0,1,0
3771,0,1,0
3772,0,0,1
3773,1,0,0
3774,0,1,0
3775,0,0,1
3776,1,0,0
3777,0,0,1
3778,0,1,0
3779,0,0,1
3780,0,0,1
3781,0,0,1
3782,1,0,0
3783,0,1,0
3784,0,0,1
3785,0,0,1
3786,0,0,1
3787,0,0,1
3788,1,0,0
3789,1,0,0
3790,1,0,0
3791,1,0,0
3792,1,0,0
3793,1,0,0
3794,0,0,1
3795,0,0,1
3796,1,0,0
3797,0,0,1
3798,1,0,0
3799,1,0,0
3800,0,0,1
3801,0,1,0
3802,0,1,0
3803,0,1,0
3804,0,1,0
3805,0,0,1
3806,0,1,0
3807,1,0,0
3808,0,0,1
3809,1,0,0
3810,0,1,0
3811,0,0,1
3812,1,0,0
3813,0,1,0
3814,0,1,0
3815,0,1,0
3816,0,0,1
3817,0,0,1
3818,0,0,1
3819,0,0,1
3820,0,0,1
3821,0,0,1
3822,1,0,0
3823,1,0,0
3824,0,0,1
3825,0,0,1
3826,1,0,0
3827,0,0,1
3828,0,0,1
3829,1,0,0
3830,0,0,1
3831,1,0,0
3832,1,0,0
3833,0,0,1
3834,0,0,1
3835,1,0,0
3836,0,0,1
3837,0,1,0
3838,0,1,0
3839,0,0,1
3840,1,0,0
3841,0,0,1
3842,1,0,0
3843,0,0,1
3844,0,0,1
3845,0,0,1
3846,0,1,0
3847,0,0,1
3848,1,0,0
3849,0,0,1
3850,1,0,0
3851,0,0,1
3852,0,0,1
3853,1,0,0
3854,1,0,0
3855,0,0,1
3856,0,1,0
3857,0,0,1
3858,1,0,0
3859,1,0,0
3860,1,0,0
3861,1,0,0
3862,0,0,1
3863,1,0,0
3864,0,1,0
3865,0,0,1
3866,1,0,0
3867,1,0,0
3868,1,0,0
3869,1,0,0
3870,0,0,1
3871,1,0,0
3872,1,0,0
3873,0,1,0
3874,1,0,0
3875,0,0,1
3876,0,0,1
3877,1,0,0
3878,0,0,1
3879,1,0,0
3880,0,1,0
3881,1,0,0
3882,1,0,0
3883,0,0,1
3884,0,1,0
3885,0,1,0
3886,1,0,0
3887,1,0,0
3888,1,0,0
3889,0,0,1
3890,0,0,1
3891,1,0,0
3892,1,0,0
3893,0,1,0
3894,0,0,1
3895,1,0,0
3896,0,0,1
3897,1,0,0
3898,1,0,0
3899,0,1,0
3900,0,0,1
3901,1,0,0
3902,0,1,0
3903,0,0,1
3904,0,0,1
3905,0,0,1
3906,0,0,1
3907,0,1,0
3908,0,1,0
3909,1,0,0
3910,0,0,1
3911,0,1,0
3912,0,1,0
3913,0,1,0
3914,0,1,0
3915,0,1,0
3916,1,0,0
3917,0,1,0
3918,1,0,0
3919,0,1,0
3920,0,0,1
3921,0,0,1
3922,0,1,0
3923,0,0,1
3924,1,0,0
3925,1,0,0
3926,0,1,0
3927,0,1,0
3928,0,1,0
3929,1,0,0
3930,1,0,0
3931,0,1,0
3932,1,0,0
3933,0,1,0
3934,0,1,0
3935,0,0,1
3936,1,0,0
3937,0,0,1
3938,1,0,0
3939,0,0,1
3940,0,0,1
3941,1,0,0
3942,1,0,0
3943,0,0,1
3944,0,0,1
3945,0,1,0
3946,0,0,1
3947,0,0,1
3948,1,0,0
3949,1,0,0
3950,1,0,0
3951,1,0,0
3952,0,1,0
3953,0,1,0
3954,0,0,1
3955,0,1,0
3956,1,0,0
3957,1,0,0
3958,1,0,0
3959,1,0,0
3960,0,0,1
3961,0,0,1
3962,1,0,0
3963,0,1,0
3964,0,1,0
3965,0,1,0
3966,0,1,0
3967,0,1,0
3968,0,1,0
3969,0,1,0
3970,0,1,0
3971,0,1,0
3972,0,0,1
3973,0,1,0
3974,0,1,0
3975,0,1,0
3976,0,1,0
3977,0,1,0
3978,0,0,1
3979,0,0,1
3980,1,0,0
3981,0,0,1
3982,0,1,0
3983,1,0,0
3984,0,0,1
3985,0,0,1
3986,1,0,0
3987,1,0,0
3988,0,0,1
3989,1,0,0
3990,0,0,1
3991,0,0,1
3992,0,0,1
3993,0,0,1
3994,0,1,0
3995,0,1,0
3996,0,1,0
3997,0,1,0
3998,0,1,0
3999,0,1,0
4000,0,1,0
4001,0,1,0
4002,0,1,0
4003,0,1,0
4004,0,0,1
4005,1,0,0
4006,0,0,1
4007,1,0,0
4008,0,0,1
4009,0,0,1
4010,0,0,1
4011,0,0,1
4012,1,0,0
4013,0,0,1
4014,0,0,1
4015,0,0,1
4016,1,0,0
4017,0,0,1
4018,0,0,1
4019,0,0,1
4020,1,0,0
4021,1,0,0
4022,0,0,1
4023,0,1,0
4024,0,1,0
4025,0,1,0
4026,0,1,0
4027,0,1,0
4028,0,1,0
4029,0,1,0
4030,0,1,0
4031,0,1,0
4032,0,1,0
4033,0,1,0
4034,0,0,1
4035,0,1,0
4036,0,1,0
4037,0,1,0
4038,0,1,0
4039,0,1,0
4040,1,0,0
4041,0,1,0
4042,1,0,0
4043,1,0,0
4044,1,0,0
4045,0,0,1
4046,0,0,1
4047,0,0,1
4048,1,0,0
4049,0,0,1
4050,0,0,1
4051,0,0,1
4052,0,0,1
4053,1,0,0
4054,1,0,0
4055,1,0,0
4056,0,0,1
4057,1,0,0
4058,1,0,0
4059,0,0,1
4060,0,1,0
4061,0,0,1
4062,0,0,1
4063,1,0,0
4064,1,0,0
4065,0,1,0
4066,0,1,0
4067,0,1,0
4068,0,1,0
4069,0,1,0
4070,0,1,0
4071,0,1,0
4072,0,1,0
4073,0,1,0
4074,0,1,0
4075,0,0,1
4076,0,1,0
4077,0,1,0
4078,0,0,1
4079,0,0,1
4080,0,1,0
4081,0,0,1
4082,0,1,0
4083,0,0,1
4084,1,0,0
4085,0,0,1
4086,0,0,1
4087,0,1,0
4088,0,0,1
4089,0,0,1
4090,0,0,1
4091,0,0,1
4092,1,0,0
4093,0,0,1
4094,0,0,1
4095,1,0,0
4096,1,0,0
4097,0,0,1
4098,1,0,0
4099,0,0,1
4100,1,0,0
4101,1,0,0
4102,0,0,1
4103,0,0,1
4104,1,0,0
4105,1,0,0
4106,1,0,0
4107,0,1,0
4108,0,1,0
4109,0,0,1
4110,0,0,1
4111,0,1,0
4112,1,0,0
4113,0,1,0
4114,1,0,0
4115,1,0,0
4116,0,0,1
4117,1,0,0
4118,0,0,1
4119,0,1,0
4120,0,0,1
4121,0,1,0
4122,0,1,0
4123,0,1,0
4124,0,1,0
4125,0,1,0
4126,0,0,1
4127,0,1,0
4128,0,0,1
4129,0,1,0
4130,0,0,1
4131,0,1,0
4132,0,1,0
4133,0,0,1
4134,1,0,0
4135,1,0,0
4136,1,0,0
4137,0,0,1
4138,0,0,1
4139,1,0,0
4140,1,0,0
4141,1,0,0
4142,0,0,1
4143,1,0,0
4144,0,0,1
4145,0,0,1
4146,0,0,1
4147,0,0,1
4148,0,0,1
4149,0,1,0
4150,0,1,0
4151,0,1,0
4152,0,1,0
4153,0,1,0
4154,0,1,0
4155,0,1,0
4156,0,0,1
4157,0,0,1
4158,0,1,0
4159,1,0,0
4160,1,0,0
4161,1,0,0
4162,0,0,1
4163,0,1,0
4164,0,1,0
4165,0,1,0
4166,0,1,0
4167,0,0,1
4168,1,0,0
4169,0,0,1
4170,0,0,1
4171,0,0,1
4172,1,0,0
4173,0,0,1
4174,0,0,1
4175,1,0,0
4176,0,0,1
